Time,Click No
20.8952,1
39.04712,2
43.26676,3
45.26983,4
46.14426,5
47.06398,6
47.81359,7
48.8338,8
49.87268,9
50.65528,10
51.92644,11
52.72259,12
53.72838,13
54.7176,14
57.4109,15
60.1442,16

