Time,Drone 1,Drone 2,Planned
4.52,6,9,1
4.52,9,6,1
26.56,13,4,1
26.56,4,13,1
42.08,12,13,1
42.08,13,12,1
54.32,11,4,1
54.32,4,11,1
65.24,10,7,1
65.24,7,10,1
71.06,7,11,1
71.06,11,7,1
88.58,16,13,1
88.58,13,16,1
101.8,7,1,1
101.8,1,7,1
107.34,10,16,1
107.34,16,10,1
117.84,2,15,1
117.84,15,2,1
143.12,8,7,1
143.12,7,8,1
151.98,18,4,1
151.98,4,18,1
162.24,4,7,1
162.24,7,4,1
185.42,8,18,0.959511
185.42,18,8,0.959511

