Time,Drone 1,Drone 2,Planned
4.52,6,9,1
4.52,9,6,1
26.56,13,4,1
26.56,4,13,1
42.06,13,12,1
42.06,12,13,1
65.24,10,7,1
65.24,7,10,1
71.08,7,11,1
71.08,11,7,1
88.58,16,13,1
88.58,13,16,1
107.32,10,16,1
107.32,16,10,1
117.82,2,15,1
117.82,15,2,1
125.32,4,2,1
125.32,2,4,1
137.08,10,13,1
137.08,13,10,1
143.12,8,7,1
143.12,7,8,1
151.98,4,18,1
151.98,18,4,1
162.24,4,7,1
162.24,7,4,1
185.42,8,18,0.9537446
185.42,18,8,0.9537446

