Time,Drone 1,Drone 2,Planned
24.3,2,4,1
24.3,4,2,1
72.72,7,9,1
72.72,9,7,1
75.52,0,1,1
75.52,1,0,1
84.14,0,4,1
84.14,4,0,1
86.06,5,9,1
86.06,9,5,1
105.74,0,4,1
105.74,4,0,1
110.12,9,0,1
110.12,0,9,1
117.92,1,3,1
117.92,3,1,1
127.6,6,4,1
127.6,4,6,1
130.16,9,0,1
130.16,0,9,1
166.72,9,0,1
166.72,0,9,1
168.3,1,5,1
168.3,5,1,1
178.16,3,6,1
178.16,6,3,1
180.9,9,0,0.995275
180.9,0,9,0.995275

