Time,Click No
29.02821,1
36.34553,2
45.31875,3
50.09678,4
75.09277,5
87.3571,6
107.7414,7
124.348,8
140.6002,9
154.0121,10
157.0867,11
176.9251,12

