{"cameraMode":{"drawMode":0,"name":"Shaded","section":"Shading Mode"},"sceneLighting":false,"audioPlay":false,"sceneViewState":{"showFog":true,"showMaterialUpdate":false,"showSkybox":false,"showFlares":true,"showImageEffects":true,"showParticleSystems":true},"in2DMode":false,"pivot":{"x":-25.313587188720704,"y":3.6708121299743654,"z":12.0},"rotation":{"x":0.16545294225215913,"y":0.49573540687561037,"z":-0.09683062136173248,"w":0.8470554947853088},"size":0.3596589267253876,"orthographic":false}