{"cameraMode":{"drawMode":0,"name":"Shaded","section":"Shading Mode"},"sceneLighting":true,"audioPlay":false,"sceneViewState":{"showFog":true,"showMaterialUpdate":false,"showSkybox":false,"showFlares":true,"showImageEffects":true,"showParticleSystems":true},"in2DMode":false,"pivot":{"x":1.7881393432617188e-7,"y":0.021407604217529298,"z":-5.960464477539063e-8},"rotation":{"x":0.16545294225215913,"y":0.49573540687561037,"z":-0.09683062136173248,"w":0.8470554947853088},"size":2.3433148860931398,"orthographic":false}