{"cameraMode":{"drawMode":0,"name":"Shaded","section":"Shading Mode"},"sceneLighting":true,"audioPlay":false,"sceneViewState":{"showFog":true,"showMaterialUpdate":false,"showSkybox":false,"showFlares":true,"showImageEffects":true,"showParticleSystems":true},"in2DMode":false,"pivot":{"x":-0.04166692495346069,"y":-0.2539037764072418,"z":0.10833251476287842},"rotation":{"x":0.16545294225215913,"y":0.49573540687561037,"z":-0.09683062136173248,"w":0.8470554947853088},"size":0.7260739207267761,"orthographic":false}