{"cameraMode":{"drawMode":0,"name":"Shaded","section":"Shading Mode"},"sceneLighting":false,"audioPlay":false,"sceneViewState":{"showFog":true,"showMaterialUpdate":false,"showSkybox":false,"showFlares":true,"showImageEffects":true,"showParticleSystems":true},"in2DMode":false,"pivot":{"x":12.799999237060547,"y":13.595124244689942,"z":5.130001068115234},"rotation":{"x":0.11224924772977829,"y":0.7434531450271606,"z":-0.12907208502292634,"w":0.6465494632720947},"size":215.71041870117188,"orthographic":false}