{"cameraMode":{"drawMode":0,"name":"Shaded","section":"Shading Mode"},"sceneLighting":true,"audioPlay":false,"sceneViewState":{"showFog":true,"showMaterialUpdate":false,"showSkybox":false,"showFlares":true,"showImageEffects":true,"showParticleSystems":true},"in2DMode":false,"pivot":{"x":1.7881393432617188e-7,"y":0.021407604217529298,"z":-5.960464477539063e-8},"rotation":{"x":-0.03711682930588722,"y":0.8746230006217957,"z":-0.06783036887645722,"w":-0.47860801219940188},"size":0.843315064907074,"orthographic":false}