{"cameraMode":{"drawMode":0,"name":"Shaded","section":"Shading Mode"},"sceneLighting":true,"audioPlay":false,"sceneViewState":{"showFog":true,"showMaterialUpdate":false,"showSkybox":true,"showFlares":true,"showImageEffects":true,"showParticleSystems":true},"in2DMode":false,"pivot":{"x":10.582334518432618,"y":-2.572909355163574,"z":1.751063346862793},"rotation":{"x":0.4451960325241089,"y":0.004029427655041218,"z":-0.002003392903134227,"w":0.8954218626022339},"size":34.554935455322269,"orthographic":false}