{"cameraMode":{"drawMode":0,"name":"Shaded","section":"Shading Mode"},"sceneLighting":true,"audioPlay":false,"sceneViewState":{"showFog":true,"showMaterialUpdate":false,"showSkybox":false,"showFlares":true,"showImageEffects":true,"showParticleSystems":true},"in2DMode":false,"pivot":{"x":-0.04166692495346069,"y":-0.2539037764072418,"z":0.10833251476287842},"rotation":{"x":0.00446039903908968,"y":0.9852789044380188,"z":-0.02601604349911213,"w":0.1689233034849167},"size":0.1260736584663391,"orthographic":false}