{"cameraMode":{"drawMode":0,"name":"Shaded","section":"Shading Mode"},"sceneLighting":false,"audioPlay":false,"sceneViewState":{"showFog":true,"showMaterialUpdate":false,"showSkybox":false,"showFlares":true,"showImageEffects":true,"showParticleSystems":true},"in2DMode":false,"pivot":{"x":-0.0007638335227966309,"y":-0.09660440683364868,"z":0.0007742047309875488},"rotation":{"x":0.16545294225215913,"y":0.49573540687561037,"z":-0.09683062136173248,"w":0.8470554947853088},"size":0.9405810236930847,"orthographic":false}