{"cameraMode":{"drawMode":0,"name":"Shaded","section":"Shading Mode"},"sceneLighting":true,"audioPlay":false,"sceneViewState":{"showFog":true,"showMaterialUpdate":false,"showSkybox":false,"showFlares":true,"showImageEffects":true,"showParticleSystems":true},"in2DMode":false,"pivot":{"x":0.8112530708312988,"y":-0.030292868614196779,"z":0.00267183780670166},"rotation":{"x":0.025570351630449296,"y":0.9731631278991699,"z":-0.13455899059772492,"w":0.18493570387363435},"size":1.2326576709747315,"orthographic":false}