{"cameraMode":{"drawMode":0,"name":"Shaded","section":"Shading Mode"},"sceneLighting":true,"audioPlay":false,"sceneViewState":{"showFog":true,"showMaterialUpdate":false,"showSkybox":true,"showFlares":true,"showImageEffects":true,"showParticleSystems":true},"in2DMode":false,"pivot":{"x":7.585107803344727,"y":6.5,"z":-3.1415159702301027},"rotation":{"x":0.30366456508636477,"y":0.12670229375362397,"z":-0.04078145697712898,"w":0.9434369206428528},"size":36.24165725708008,"orthographic":true}