{"cameraMode":{"drawMode":0,"name":"Shaded","section":"Shading Mode"},"sceneLighting":true,"audioPlay":false,"sceneViewState":{"showFog":true,"showMaterialUpdate":false,"showSkybox":true,"showFlares":true,"showImageEffects":true,"showParticleSystems":true},"in2DMode":false,"pivot":{"x":7.585107803344727,"y":6.5,"z":-3.1415159702301027},"rotation":{"x":0.044472839683294299,"y":-0.46915096044540408,"z":0.02366597391664982,"w":0.8816893100738525},"size":34.610782623291019,"orthographic":true}