{"cameraMode":{"drawMode":0,"name":"Shaded","section":"Shading Mode"},"sceneLighting":false,"audioPlay":false,"sceneViewState":{"showFog":true,"showMaterialUpdate":false,"showSkybox":false,"showFlares":true,"showImageEffects":true,"showParticleSystems":true},"in2DMode":false,"pivot":{"x":7.149999618530273,"y":14.5,"z":17.950000762939454},"rotation":{"x":0.09643112123012543,"y":0.3025445342063904,"z":-0.030782461166381837,"w":0.9477461576461792},"size":80.26024627685547,"orthographic":true}