{"cameraMode":{"drawMode":0,"name":"Shaded","section":"Shading Mode"},"sceneLighting":false,"audioPlay":false,"sceneViewState":{"showFog":true,"showMaterialUpdate":false,"showSkybox":false,"showFlares":true,"showImageEffects":true,"showParticleSystems":true},"in2DMode":false,"pivot":{"x":454.59027099609377,"y":256.562744140625,"z":1.8451335430145264},"rotation":{"x":0.39010509848594668,"y":0.2234874963760376,"z":-0.09819924831390381,"w":0.8878225684165955},"size":16.564424514770509,"orthographic":false}