{"cameraMode":{"drawMode":0,"name":"Shaded","section":"Shading Mode"},"sceneLighting":false,"audioPlay":false,"sceneViewState":{"showFog":true,"showMaterialUpdate":false,"showSkybox":false,"showFlares":true,"showImageEffects":true,"showParticleSystems":true},"in2DMode":false,"pivot":{"x":-16.431549072265626,"y":1.899999976158142,"z":39.254920959472659},"rotation":{"x":0.16545294225215913,"y":0.49573540687561037,"z":-0.09683062136173248,"w":0.8470554947853088},"size":2.857883930206299,"orthographic":false}