Time,Click No
5.414302,1
7.883733,2
18.75034,3
22.99539,4
25.73345,5
28.05677,6
31.01804,7
37.02948,8
44.68349,9
69.60374,10
80.36157,11
88.30138,12
96.56289,13
111.788,14
118.5776,15
122.5106,16
126.7314,17
133.5915,18
136.9653,19
144.2159,20
155.3344,21
161.338,22
163.9795,23
173.84,24
176.3814,25

