Time,Click No
4.877723,1
11.76591,2
20.55385,3
23.94807,4
26.87427,5
29.69492,6
32.96114,7
39.53853,8
47.0793,9
52.05783,10
57.42853,11
62.56059,12
65.81739,13
77.70488,14
82.80495,15
88.97472,16
95.96867,17
99.53872,18
104.0763,19
106.3543,20
110.0904,21
113.8514,22
117.161,23
121.7189,24
125.6208,25
129.8525,26
133.5022,27
136.6793,28
143.3247,29
149.6848,30
155.7115,31
158.3927,32
161.7786,33
167.2399,34
173.1247,35
178.1046,36
183.7666,37

